exp,cpu,mem_mi,replicas,concurrency,units,status,completed,errors,throughput_rps,lat_p50,lat_p90,lat_p99,lat_mean,top_cpu_m,top_mem_mi
A_cpu,0.25,256,1,1,10,Ready,8,0,0.53,2017.1,2609.3,2609.3,2012.3,178,84
A_cpu,0.5,256,1,1,10,Ready,33,0,2.2,429.9,593.1,634.7,458.5,85,84
A_cpu,0.75,256,1,1,10,Ready,77,0,5.13,187.1,245.8,292.3,195.6,187,84
A_cpu,1.0,256,1,1,10,Ready,110,0,7.33,137.3,139.2,140.4,137.3,457,84
B_knee,0.5,256,1,1,10,Ready,31,0,2.07,502.9,592.9,692.7,490.8,369,84
B_knee,0.5,256,1,2,10,Ready,14,0,0.93,2484.0,2635.8,2709.7,2243.9,369,84
B_knee,0.5,256,1,4,10,Ready,16,0,1.07,3729.4,5360.4,6039.7,4050.3,443,84
B_knee,0.5,256,1,8,10,Ready,19,0,1.27,8199.4,12487.8,12694.8,8534.4,427,85
C_mem,0.5,48,1,1,10,OOMKilled,0,-1,0,-1,-1,-1,-1,-1,-1
C_mem,0.5,96,1,1,10,Ready,26,0,2.17,474.5,696.8,700.5,473.3,229,84
C_mem,0.5,128,1,1,10,Ready,24,0,2.0,499.3,666.6,812.2,503.9,105,84
C_mem,0.5,256,1,1,10,Ready,27,0,2.25,438.8,565.8,598.1,448.5,105,84
