pass,k_cores,u,P_total
1,0,0.0,2.301
1,1,0.16666666666666666,23.258
1,2,0.3333333333333333,36.231
1,3,0.5,49.822
1,4,0.6666666666666666,63.581
1,5,0.8333333333333334,73.552
1,6,1.0,82.685
2,0,0.0,2.193
2,1,0.16666666666666666,24.989
2,2,0.3333333333333333,38.086
2,3,0.5,51.458
2,4,0.6666666666666666,64.808
2,5,0.8333333333333334,75.912
2,6,1.0,84.561
3,0,0.0,2.271
3,1,0.16666666666666666,25.906
3,2,0.3333333333333333,38.796
3,3,0.5,52.674
3,4,0.6666666666666666,66.649
3,5,0.8333333333333334,77.52
3,6,1.0,84.906
