replicas,cpu,sim_latency_ms,meas_p50_ms,meas_p90_ms,throughput_rps,errors,sim_energy_W,meas_energy_W,nodes_used,watts_r0,watts_r1,watts_r2,watts_r3,watts_r4,watts_r5
3|2|6,1.6596|1.9991|1.8421,3.6233,1361.2,1867.0,2.9,0,21.9466,70.19,r0|r1|r2|r3|r4|r5,7.47,12.25,7.92,9.51,16.24,16.8
3|3|3,1.6598|1.9991|1.8668,3.6414,1303.1,1837.3,2.9,0,21.4383,69.63,r0|r1|r2|r3|r4|r5,6.86,7.6,10.06,23.28,11.48,10.35
1|2|2,1.6596|1.9977|1.8895,3.7264,1689.9,2602.5,2.3,0,17.7056,61.55,r1|r2|r3|r4|r5,3.18,14.36,10.87,13.21,8.62,11.31
1|3|1,1.6596|1.9993|1.842,4.0335,2335.1,3289.1,1.7,0,17.7056,46.99,r0|r1|r3|r4|r5,5.07,5.83,2.32,17.85,8.14,7.78
1|2|1,1.6533|1.8737|1.7511,4.2863,2192.0,3009.1,1.8,0,13.9104,49.96,r1|r3|r4|r5,3.32,8.0,2.34,8.62,8.62,19.06
1|3|4,0.5751|0.3273|0.2071,69.5901,22212.2,27543.5,0.25,0,13.9096,16.44,r1|r3|r4|r5,3.09,2.32,2.32,2.13,3.66,2.92
1|1|3,1.6401|1.7445|0.1943,847.6114,14445.7,21689.6,0.35,0,13.7363,19.35,r3|r4|r5,3.22,2.19,2.3,2.48,4.37,4.79
7|7|2,0.573|0.1004|0.1971,2175.3479,25243.3,25243.3,0.1,2,13.0764,15.21,r0|r1|r2|r3|r4|r5,3.3,2.81,2.47,2.08,2.19,2.36
1|1|1,0.7065|1.6252|0.332,2555.4977,21530.7,21955.1,0.2,0,12.6749,17.79,r3|r4|r5,3.84,2.14,2.3,3.25,2.47,3.79
1|2|2,0.8722|0.3857|0.1157,2949.7397,27039.6,27039.6,0.05,3,11.8844,16.16,r3|r4|r5,3.17,2.17,2.3,2.11,3.31,3.1
1|2|1,0.6762|0.2497|0.1543,3306.093,-1.0,-1.0,0.0,4,11.1682,15.98,r3|r4|r5,3.27,2.18,2.33,3.5,2.56,2.14
7|3|1,0.6757|0.1995|0.1128,3639.7732,-1.0,-1.0,0.0,4,10.7201,15.98,r0|r1|r2|r3|r4|r5,3.13,2.34,2.29,2.26,3.01,2.95
4|1|1,0.6569|0.3857|0.1157,3951.3399,-1.0,-1.0,0.0,4,10.722,16.3,r0|r1|r3|r4|r5,3.3,2.44,2.32,2.95,2.25,3.04
4|1|1,1.6593|0.3857|0.1101,4006.1882,-1.0,-1.0,0.0,4,10.6573,15.79,r0|r1|r3|r4|r5,3.28,2.28,2.31,2.96,2.86,2.1
1|3|1,0.5751|0.1114|0.1127,4462.5037,-1.0,-1.0,0.0,4,10.6049,15.38,r3|r4|r5,3.19,2.16,2.29,2.86,2.56,2.32
1|1|1,0.7056|0.1686|0.2219,5655.9021,-1.0,-1.0,0.0,4,10.8526,15.57,r3|r4|r5,3.18,2.16,2.29,3.34,2.45,2.15
1|1|1,1.6401|0.1174|0.1943,6106.7339,-1.0,-1.0,0.0,4,10.1313,15.49,r3|r4|r5,3.21,2.13,2.26,3.25,2.52,2.12
1|1|1,0.9264|0.1135|0.1303,6519.5774,-1.0,-1.0,0.0,4,9.4059,15.49,r3|r4|r5,3.18,2.2,2.33,3.02,2.67,2.09
1|1|1,0.6581|0.1135|0.1278,6541.2511,-1.0,-1.0,0.0,4,9.377,15.44,r4|r5,3.27,2.17,2.26,1.98,3.58,2.18
4|1|1,0.6569|0.1135|0.1157,6654.8174,-1.0,-1.0,0.0,4,9.2313,15.58,r1|r3|r4|r5,3.17,2.49,2.28,3.31,2.02,2.31
